{
  "version": 9,
  "name": "The Pirate Bay",
  "home": {
    "get": "https://thepiratebay.org/"
  },
  "news": {
    "get": "https://thepiratebay.org/blog",
    "list": "div.post",
    "title": "h3",
    "details_html": "regex((.*))",
    "details_head": "<meta name=\"viewport\" content=\"width=device-width, initial-scale=1\">",
    "date": "div.meta:regex(.*Posted (.*) by .*)"
  },
  "top": {
    "get": "tops",
    "list": "tbody tr",
    "title": "a.detLink",
    "details": "a.detLink:regex(.*href=\"([^\"]*)\".*)",
    "magnet": "a[href^=magnet]:regex(.*href=\"([^\"]*)\".*)",
    "date": "font.detDesc:regex(.*Uploaded ([^,]*).*)",
    "size": "font.detDesc:regex(.*Size ([^,]*).*)",
    "seed": "td:eq(2):regex((.*))",
    "leech": "td:eq(3):regex((.*))",
    "next": "#content a[href^='/search']:has(img[src$='next.gif']):regex(.*href=\"([^\"]*).*)"
  },
  "tops": {
    "Music": "https://thepiratebay.org/top/101",
    "Video": "https://thepiratebay.org/top/200",
    "Porn": "https://thepiratebay.org/top/500",
    "All": "https://thepiratebay.org/top/all"
  },
  "search": {
    "get": "https://thepiratebay.org/search/%s/0/99/0/",
    "list": "tbody tr",
    "title": "a.detLink:regex(<a[^>]*>(.*)</a>)",
    "details": "a.detLink:regex(.*href=\"([^\"]*)\".*)",
    "magnet": "a[href^=magnet]:regex(.*href=\"([^\"]*)\".*)",
    "date": "font.detDesc:regex(.*Uploaded ([^,]*).*)",
    "size": "font.detDesc:regex(.*Size ([^,]*).*)",
    "seed": "td:eq(2):regex((.*))",
    "leech": "td:eq(3):regex((.*))",
    "next": "#content a[href^='/search']:has(img[src$='next.gif']):regex(.*href=\"([^\"]*).*)"
  }
}
