{
  "version": 19,
  "name": "pornolab.net",
  "home": {
    "get": "http://pornolab.net"
  },
  "news": {
    "get": "http://pornolab.net/forum/viewforum.php?f=15",
    "list": "tr[id]",
    "title": "a.topictitle",
    "details": "a.topictitle:regex(.*href=\"([^\"]*)\".*)",
    "date": "td:eq(4):regex(.*<p>(.*-[^<]*)</p>.*)",
    "next": ".nav b+a:regex(.*href=\"([^\"]*)\".*)"
  },
  "top": {
    "get": "tops",
    "list": "tr[id]",
    "title": "a.topictitle",
    "details": "a.topictitle:regex(.*href=\"([^\"]*)\".*)",
    "date": "td:eq(4):regex(.*<p>(.*-[^<]*)</p>.*)",
    "next": ".nav b+a:regex(.*href=\"([^\"]*)\".*)"
  },
  "tops": {
    "Porn": "http://pornolab.net/forum/viewforum.php?f=1668",
    "Top": "http://pornolab.net/forum/viewforum.php?f=489"
  },
  "login": {
    "details": "http://pornolab.net/forum/login.php",
    "post": "http://pornolab.net/forum/login.php",
    "post_login": "login_username",
    "post_password": "login_password",
    "post_params": "login=вход",
    "js": "if(document.querySelectorAll('a[href^=\\'./profile.php\\']').length==0) {\n  alert('Not Logged In');\n}"
  },
  "search": {
    "post": "http://pornolab.net/forum/tracker.php",
    "post_search": "nm",
    "post_params": "o=10",
    "js": "if(document.querySelectorAll('a[href^=\\'./profile.php\\']').length==0) {\n  alert('Not Logged In');\n}",
    "list": ".forumline.tablesorter tbody tr",
    "title": "a.tLink",
    "details": "a.tLink:regex(.*href=\"([^\"]*)\".*)",
    "size": "a.dl-stub",
    "seed": "td.seedmed b",
    "leech": "td.leechmed b",
    "next": ".nav b+a:regex(.*href=\"([^\"]*)\".*)"
  }
}
