{
  "version": 16,
  "name": "rutracker.org",
  "home": {
    "get": "http://rutracker.org"
  },
  "news": {
    "get": "http://rutracker.org/forum/viewforum.php?f=1960",
    "list": ".hl-tr",
    "title": "a.topictitle",
    "details": "a.topictitle:regex(.*href=\"([^\"]*)\".*)",
    "date": "td:eq(4):regex(.*<p>(.*)</p>.*<p>.*</p>.*)",
    "next": ".nav b+a:regex(.*href=\"([^\"]*)\".*)"
  },
  "top": {
    "get": "tops",
    "list": ".hl-tr",
    "title": "a.topictitle",
    "details": "a.topictitle:regex(.*href=\"([^\"]*)\".*)",
    "date": "td:eq(4):regex(.*<p>(.*)</p>.*<p>.*</p>.*)",
    "next": ".nav b+a:regex(.*href=\"([^\"]*)\".*)"
  },
  "tops": {
    "Net": "http://rutracker.org/forum/viewforum.php?f=489",
    "(c)": "http://rutracker.org/forum/viewforum.php?f=1538"
  },
  "login": {
    "details": "http://rutracker.org/forum/login.php",
    "post": "http://rutracker.org/forum/login.php",
    "post_login": "login_username",
    "post_password": "login_password",
    "post_params": "login=вход",
    "js": "if(document.querySelectorAll('a.logged-in-as-uname').length==0) {\n  alert('Not Logged In');\n}"
  },
  "search": {
    "post": "http://rutracker.org/forum/tracker.php",
    "post_search": "nm",
    "post_params": "o=10",
    "js": "if(document.querySelectorAll('a.logged-in-as-uname').length==0) {\n  alert('Not Logged In');\n}",
    "list": ".forumline.tablesorter tbody tr",
    "title": "a.tLink",
    "details": "a.tLink:regex(.*href=\"([^\"]*)\".*)",
    "date": "td:eq(9):regex(.*<p>(.*)</p>.*)",
    "size": "a.dl-stub",
    "seed": "b.seedmed",
    "leech": "td.leechmed b",
    "next": ".nav b+a:regex(.*href=\"([^\"]*)\".*)"
  }
}
